selection_id,priority,role,reason,run_id,contract_id,source_revision,trace_mode,rank,worker_id,device_id,request_id,engine_step_id,schedule_id,batch_id,forward_id,layer_idx,layer_occurrence,phase,q_len,past_len,kv_len,layer_type,source_event_id,source_event_index,evidence_decision_ids,unique_source_match_count
selected:01,P0,initial_prefill_early_linear,"First loaded linear-attention layer in the initial scheduler chunk, immediately after the observed prefix-cache lookup and first successful hybrid-cache allocation.",20260729T050800Z-fx-89687ae2-R02,pra2026-bh408@3d036144-16-32K-row0-greedy1024,3d03614452cd0a925abc82a7686560ff80252dfa,enforce_eager,0,rank0,HCU0:TCA23906041001,chatcmpl-bench-7f1746b7-0-9eeec82b,1,20260729T050800Z-fx-89687ae2-R02:rank0:schedule:1,batch:b655c45f3b212e0ac7431efa,1,0,0,prefill_chunk,4096,0,4096,linear_attention,chatcmpl-bench-7f1746b7-0-9eeec82b|s1|f1|l0|o0,15,decision:00001;decision:00031;decision:00032;decision:00062;decision:00120,1
selected:02,P0,initial_prefill_early_full_attention,"First loaded full-attention layer in the initial q_len=4096, past_len=0 chunk; pairs the first full-attention KV regime with its observed backend-route decision.",20260729T050800Z-fx-89687ae2-R02,pra2026-bh408@3d036144-16-32K-row0-greedy1024,3d03614452cd0a925abc82a7686560ff80252dfa,enforce_eager,0,rank0,HCU0:TCA23906041001,chatcmpl-bench-7f1746b7-0-9eeec82b,1,20260729T050800Z-fx-89687ae2-R02:rank0:schedule:1,batch:b655c45f3b212e0ac7431efa,1,3,0,prefill_chunk,4096,0,4096,full_attention,chatcmpl-bench-7f1746b7-0-9eeec82b|s1|f1|l3|o0,23,decision:00001;decision:00031;decision:00032;decision:00091;decision:00120,1
selected:03,P1,post_initial_cache_growth_boundary,"Middle-depth full-attention representative in the first prefill forward with nonzero past_len, immediately after the initial cache-state growth boundary.",20260729T050800Z-fx-89687ae2-R02,pra2026-bh408@3d036144-16-32K-row0-greedy1024,3d03614452cd0a925abc82a7686560ff80252dfa,enforce_eager,0,rank0,HCU0:TCA23906041001,chatcmpl-bench-7f1746b7-0-9eeec82b,2,20260729T050800Z-fx-89687ae2-R02:rank0:schedule:2,batch:bfd49d0e5fc15e669f70e5a5,2,31,0,prefill_chunk,4096,4096,8192,full_attention,chatcmpl-bench-7f1746b7-0-9eeec82b|s2|f2|l31|o0,266,decision:00002;decision:00033;decision:00092;decision:00121,1
selected:04,P1,tail_prefill_late_linear,"Last loaded linear-attention layer in the observed short tail prefill, where q_len changes from the full 4096-token chunks.",20260729T050800Z-fx-89687ae2-R02,pra2026-bh408@3d036144-16-32K-row0-greedy1024,3d03614452cd0a925abc82a7686560ff80252dfa,enforce_eager,0,rank0,HCU0:TCA23906041001,chatcmpl-bench-7f1746b7-0-9eeec82b,6,20260729T050800Z-fx-89687ae2-R02:rank0:schedule:6,batch:c73cd7e400961f58c09e85a8,6,62,0,prefill_chunk,105,20480,20585,linear_attention,chatcmpl-bench-7f1746b7-0-9eeec82b|s6|f6|l62|o0,1038,decision:00006;decision:00037;decision:00067;decision:00125;decision:00149,1
selected:05,P1,tail_prefill_late_full_attention,"Last loaded full-attention layer at the prefill tail and prefill-to-decode boundary, with the largest observed prefill past_len.",20260729T050800Z-fx-89687ae2-R02,pra2026-bh408@3d036144-16-32K-row0-greedy1024,3d03614452cd0a925abc82a7686560ff80252dfa,enforce_eager,0,rank0,HCU0:TCA23906041001,chatcmpl-bench-7f1746b7-0-9eeec82b,6,20260729T050800Z-fx-89687ae2-R02:rank0:schedule:6,batch:c73cd7e400961f58c09e85a8,6,63,0,prefill_chunk,105,20480,20585,full_attention,chatcmpl-bench-7f1746b7-0-9eeec82b|s6|f6|l63|o0,1042,decision:00006;decision:00037;decision:00096;decision:00125;decision:00149,1
selected:06,P3,first_decode_early_linear,First decode-step linear-attention layer after the observed phase and token-count transition from tail prefill to q_len=1.,20260729T050800Z-fx-89687ae2-R02,pra2026-bh408@3d036144-16-32K-row0-greedy1024,3d03614452cd0a925abc82a7686560ff80252dfa,enforce_eager,0,rank0,HCU0:TCA23906041001,chatcmpl-bench-7f1746b7-0-9eeec82b,7,20260729T050800Z-fx-89687ae2-R02:rank0:schedule:7,batch:3b46a4491b7a697518068bc9,7,0,0,decode,1,20585,20586,linear_attention,chatcmpl-bench-7f1746b7-0-9eeec82b|s7|f7|l0|o0,1061,decision:00007;decision:00038;decision:00068;decision:00126;decision:00150,1
selected:07,P3,first_decode_early_full_attention,"First decode-step full-attention layer, representing the earliest observed single-token KV-cache attention regime.",20260729T050800Z-fx-89687ae2-R02,pra2026-bh408@3d036144-16-32K-row0-greedy1024,3d03614452cd0a925abc82a7686560ff80252dfa,enforce_eager,0,rank0,HCU0:TCA23906041001,chatcmpl-bench-7f1746b7-0-9eeec82b,7,20260729T050800Z-fx-89687ae2-R02:rank0:schedule:7,batch:3b46a4491b7a697518068bc9,7,3,0,decode,1,20585,20586,full_attention,chatcmpl-bench-7f1746b7-0-9eeec82b|s7|f7|l3|o0,1076,decision:00007;decision:00038;decision:00097;decision:00126;decision:00150,1
selected:08,P3,late_decode_late_linear,"Last loaded linear-attention layer in the final observed decode forward, after the full generated-prefix state has accumulated.",20260729T050800Z-fx-89687ae2-R02,pra2026-bh408@3d036144-16-32K-row0-greedy1024,3d03614452cd0a925abc82a7686560ff80252dfa,enforce_eager,0,rank0,HCU0:TCA23906041001,chatcmpl-bench-7f1746b7-0-9eeec82b,29,20260729T050800Z-fx-89687ae2-R02:rank0:schedule:29,batch:ff8077c1fff4dbadc829b7f3,29,62,0,decode,1,20607,20608,linear_attention,chatcmpl-bench-7f1746b7-0-9eeec82b|s29|f29|l62|o0,8719,decision:00029;decision:00060;decision:00061;decision:00090;decision:00148,1
selected:09,P0,late_decode_terminal_full_attention,Final loaded full-attention layer in the last decode forward; this forward is directly joined to the observed terminal KV-cache free transition.,20260729T050800Z-fx-89687ae2-R02,pra2026-bh408@3d036144-16-32K-row0-greedy1024,3d03614452cd0a925abc82a7686560ff80252dfa,enforce_eager,0,rank0,HCU0:TCA23906041001,chatcmpl-bench-7f1746b7-0-9eeec82b,29,20260729T050800Z-fx-89687ae2-R02:rank0:schedule:29,batch:ff8077c1fff4dbadc829b7f3,29,63,0,decode,1,20607,20608,full_attention,chatcmpl-bench-7f1746b7-0-9eeec82b|s29|f29|l63|o0,8724,decision:00029;decision:00060;decision:00061;decision:00119;decision:00148,1
