event_id,selection_id,source_event_id,trace_dir,layer_type,phase,node_count,stage_count,reconstruction_rule,status,json,markdown,csv
input1_layer0,selected:01,chatcmpl-bench-7f1746b7-0-9eeec82b|s1|f1|l0|o0,/public/home/tangyu408/Qwen_DCU_Worker_0/workload_profile/fx/traces/20260729T050800Z-fx-89687ae2-R032-qwen35-27b-eager-row0-hcu0/input1_layer0,linear_attention,prefill_chunk,77,9,qwen35_linear_gdn_landmarks_v1,ok,/public/home/tangyu408/Qwen_DCU_Worker_0/workload_profile/fx/traces/20260729T050800Z-fx-89687ae2-R032-qwen35-27b-eager-row0-hcu0/input1_layer0/fx_process_reconstruction.json,/public/home/tangyu408/Qwen_DCU_Worker_0/workload_profile/fx/traces/20260729T050800Z-fx-89687ae2-R032-qwen35-27b-eager-row0-hcu0/input1_layer0/fx_process_reconstruction.md,/public/home/tangyu408/Qwen_DCU_Worker_0/workload_profile/fx/traces/20260729T050800Z-fx-89687ae2-R032-qwen35-27b-eager-row0-hcu0/input1_layer0/fx_process_nodes.csv
input1_layer3,selected:02,chatcmpl-bench-7f1746b7-0-9eeec82b|s1|f1|l3|o0,/public/home/tangyu408/Qwen_DCU_Worker_0/workload_profile/fx/traces/20260729T050800Z-fx-89687ae2-R032-qwen35-27b-eager-row0-hcu0/input1_layer3,full_attention,prefill_chunk,155,10,qwen35_full_unified_attention_landmarks_v1,ok,/public/home/tangyu408/Qwen_DCU_Worker_0/workload_profile/fx/traces/20260729T050800Z-fx-89687ae2-R032-qwen35-27b-eager-row0-hcu0/input1_layer3/fx_process_reconstruction.json,/public/home/tangyu408/Qwen_DCU_Worker_0/workload_profile/fx/traces/20260729T050800Z-fx-89687ae2-R032-qwen35-27b-eager-row0-hcu0/input1_layer3/fx_process_reconstruction.md,/public/home/tangyu408/Qwen_DCU_Worker_0/workload_profile/fx/traces/20260729T050800Z-fx-89687ae2-R032-qwen35-27b-eager-row0-hcu0/input1_layer3/fx_process_nodes.csv
input2_layer31,selected:03,chatcmpl-bench-7f1746b7-0-9eeec82b|s2|f2|l31|o0,/public/home/tangyu408/Qwen_DCU_Worker_0/workload_profile/fx/traces/20260729T050800Z-fx-89687ae2-R032-qwen35-27b-eager-row0-hcu0/input2_layer31,full_attention,prefill_chunk,155,10,qwen35_full_unified_attention_landmarks_v1,ok,/public/home/tangyu408/Qwen_DCU_Worker_0/workload_profile/fx/traces/20260729T050800Z-fx-89687ae2-R032-qwen35-27b-eager-row0-hcu0/input2_layer31/fx_process_reconstruction.json,/public/home/tangyu408/Qwen_DCU_Worker_0/workload_profile/fx/traces/20260729T050800Z-fx-89687ae2-R032-qwen35-27b-eager-row0-hcu0/input2_layer31/fx_process_reconstruction.md,/public/home/tangyu408/Qwen_DCU_Worker_0/workload_profile/fx/traces/20260729T050800Z-fx-89687ae2-R032-qwen35-27b-eager-row0-hcu0/input2_layer31/fx_process_nodes.csv
input6_layer62,selected:04,chatcmpl-bench-7f1746b7-0-9eeec82b|s6|f6|l62|o0,/public/home/tangyu408/Qwen_DCU_Worker_0/workload_profile/fx/traces/20260729T050800Z-fx-89687ae2-R032-qwen35-27b-eager-row0-hcu0/input6_layer62,linear_attention,prefill_chunk,78,9,qwen35_linear_gdn_landmarks_v1,ok,/public/home/tangyu408/Qwen_DCU_Worker_0/workload_profile/fx/traces/20260729T050800Z-fx-89687ae2-R032-qwen35-27b-eager-row0-hcu0/input6_layer62/fx_process_reconstruction.json,/public/home/tangyu408/Qwen_DCU_Worker_0/workload_profile/fx/traces/20260729T050800Z-fx-89687ae2-R032-qwen35-27b-eager-row0-hcu0/input6_layer62/fx_process_reconstruction.md,/public/home/tangyu408/Qwen_DCU_Worker_0/workload_profile/fx/traces/20260729T050800Z-fx-89687ae2-R032-qwen35-27b-eager-row0-hcu0/input6_layer62/fx_process_nodes.csv
input6_layer63,selected:05,chatcmpl-bench-7f1746b7-0-9eeec82b|s6|f6|l63|o0,/public/home/tangyu408/Qwen_DCU_Worker_0/workload_profile/fx/traces/20260729T050800Z-fx-89687ae2-R032-qwen35-27b-eager-row0-hcu0/input6_layer63,full_attention,prefill_chunk,155,10,qwen35_full_unified_attention_landmarks_v1,ok,/public/home/tangyu408/Qwen_DCU_Worker_0/workload_profile/fx/traces/20260729T050800Z-fx-89687ae2-R032-qwen35-27b-eager-row0-hcu0/input6_layer63/fx_process_reconstruction.json,/public/home/tangyu408/Qwen_DCU_Worker_0/workload_profile/fx/traces/20260729T050800Z-fx-89687ae2-R032-qwen35-27b-eager-row0-hcu0/input6_layer63/fx_process_reconstruction.md,/public/home/tangyu408/Qwen_DCU_Worker_0/workload_profile/fx/traces/20260729T050800Z-fx-89687ae2-R032-qwen35-27b-eager-row0-hcu0/input6_layer63/fx_process_nodes.csv
input7_layer0,selected:06,chatcmpl-bench-7f1746b7-0-9eeec82b|s7|f7|l0|o0,/public/home/tangyu408/Qwen_DCU_Worker_0/workload_profile/fx/traces/20260729T050800Z-fx-89687ae2-R032-qwen35-27b-eager-row0-hcu0/input7_layer0,linear_attention,decode,74,9,qwen35_linear_gdn_landmarks_v1,ok,/public/home/tangyu408/Qwen_DCU_Worker_0/workload_profile/fx/traces/20260729T050800Z-fx-89687ae2-R032-qwen35-27b-eager-row0-hcu0/input7_layer0/fx_process_reconstruction.json,/public/home/tangyu408/Qwen_DCU_Worker_0/workload_profile/fx/traces/20260729T050800Z-fx-89687ae2-R032-qwen35-27b-eager-row0-hcu0/input7_layer0/fx_process_reconstruction.md,/public/home/tangyu408/Qwen_DCU_Worker_0/workload_profile/fx/traces/20260729T050800Z-fx-89687ae2-R032-qwen35-27b-eager-row0-hcu0/input7_layer0/fx_process_nodes.csv
input7_layer3,selected:07,chatcmpl-bench-7f1746b7-0-9eeec82b|s7|f7|l3|o0,/public/home/tangyu408/Qwen_DCU_Worker_0/workload_profile/fx/traces/20260729T050800Z-fx-89687ae2-R032-qwen35-27b-eager-row0-hcu0/input7_layer3,full_attention,decode,155,10,qwen35_full_unified_attention_landmarks_v1,ok,/public/home/tangyu408/Qwen_DCU_Worker_0/workload_profile/fx/traces/20260729T050800Z-fx-89687ae2-R032-qwen35-27b-eager-row0-hcu0/input7_layer3/fx_process_reconstruction.json,/public/home/tangyu408/Qwen_DCU_Worker_0/workload_profile/fx/traces/20260729T050800Z-fx-89687ae2-R032-qwen35-27b-eager-row0-hcu0/input7_layer3/fx_process_reconstruction.md,/public/home/tangyu408/Qwen_DCU_Worker_0/workload_profile/fx/traces/20260729T050800Z-fx-89687ae2-R032-qwen35-27b-eager-row0-hcu0/input7_layer3/fx_process_nodes.csv
input29_layer62,selected:08,chatcmpl-bench-7f1746b7-0-9eeec82b|s29|f29|l62|o0,/public/home/tangyu408/Qwen_DCU_Worker_0/workload_profile/fx/traces/20260729T050800Z-fx-89687ae2-R032-qwen35-27b-eager-row0-hcu0/input29_layer62,linear_attention,decode,75,9,qwen35_linear_gdn_landmarks_v1,ok,/public/home/tangyu408/Qwen_DCU_Worker_0/workload_profile/fx/traces/20260729T050800Z-fx-89687ae2-R032-qwen35-27b-eager-row0-hcu0/input29_layer62/fx_process_reconstruction.json,/public/home/tangyu408/Qwen_DCU_Worker_0/workload_profile/fx/traces/20260729T050800Z-fx-89687ae2-R032-qwen35-27b-eager-row0-hcu0/input29_layer62/fx_process_reconstruction.md,/public/home/tangyu408/Qwen_DCU_Worker_0/workload_profile/fx/traces/20260729T050800Z-fx-89687ae2-R032-qwen35-27b-eager-row0-hcu0/input29_layer62/fx_process_nodes.csv
input29_layer63,selected:09,chatcmpl-bench-7f1746b7-0-9eeec82b|s29|f29|l63|o0,/public/home/tangyu408/Qwen_DCU_Worker_0/workload_profile/fx/traces/20260729T050800Z-fx-89687ae2-R032-qwen35-27b-eager-row0-hcu0/input29_layer63,full_attention,decode,155,10,qwen35_full_unified_attention_landmarks_v1,ok,/public/home/tangyu408/Qwen_DCU_Worker_0/workload_profile/fx/traces/20260729T050800Z-fx-89687ae2-R032-qwen35-27b-eager-row0-hcu0/input29_layer63/fx_process_reconstruction.json,/public/home/tangyu408/Qwen_DCU_Worker_0/workload_profile/fx/traces/20260729T050800Z-fx-89687ae2-R032-qwen35-27b-eager-row0-hcu0/input29_layer63/fx_process_reconstruction.md,/public/home/tangyu408/Qwen_DCU_Worker_0/workload_profile/fx/traces/20260729T050800Z-fx-89687ae2-R032-qwen35-27b-eager-row0-hcu0/input29_layer63/fx_process_nodes.csv
